,Survived,Pclass,Sex,Age,Siblings/Spouses Aboard,Parents/Children Aboard,Fare
0,0,3,1,22.0,1,0,7.25
1,1,1,0,38.0,1,0,71.2833
2,1,3,0,26.0,0,0,7.925
3,1,1,0,35.0,1,0,53.1
4,0,3,1,35.0,0,0,8.05
5,0,3,1,27.0,0,0,8.4583
6,0,1,1,54.0,0,0,51.8625
7,0,3,1,2.0,3,1,21.075
8,1,3,0,27.0,0,2,11.1333
9,1,2,0,14.0,1,0,30.0708
10,1,3,0,4.0,1,1,16.7
11,1,1,0,58.0,0,0,26.55
12,0,3,1,20.0,0,0,8.05
13,0,3,1,39.0,1,5,31.275
14,0,3,0,14.0,0,0,7.8542
15,1,2,0,55.0,0,0,16.0
16,0,3,1,2.0,4,1,29.125
17,1,2,1,23.0,0,0,13.0
18,0,3,0,31.0,1,0,18.0
19,1,3,0,22.0,0,0,7.225
20,0,2,1,35.0,0,0,26.0
21,1,2,1,34.0,0,0,13.0
22,1,3,0,15.0,0,0,8.0292
23,1,1,1,28.0,0,0,35.5
24,0,3,0,8.0,3,1,21.075
25,1,3,0,38.0,1,5,31.3875
26,0,3,1,26.0,0,0,7.225
27,0,1,1,19.0,3,2,263.0
28,1,3,0,24.0,0,0,7.8792
29,0,3,1,23.0,0,0,7.8958
30,0,1,1,40.0,0,0,27.7208
31,1,1,0,48.0,1,0,146.5208
32,1,3,0,18.0,0,0,7.75
33,0,2,1,66.0,0,0,10.5
34,0,1,1,28.0,1,0,82.1708
35,0,1,1,42.0,1,0,52.0
36,1,3,1,18.0,0,0,7.2292
37,0,3,1,21.0,0,0,8.05
38,0,3,0,18.0,2,0,18.0
39,1,3,0,14.0,1,0,11.2417
40,0,3,0,40.0,1,0,9.475
41,0,2,0,27.0,1,0,21.0
42,1,2,0,3.0,1,2,41.5792
43,1,3,0,19.0,0,0,7.8792
44,0,3,1,30.0,0,0,8.05
45,0,3,1,20.0,1,0,15.5
46,1,3,0,27.0,0,0,7.75
47,0,3,1,16.0,2,0,21.6792
48,0,3,0,18.0,1,0,17.8
49,0,3,1,7.0,4,1,39.6875
50,0,3,1,21.0,0,0,7.8
51,1,1,0,49.0,1,0,76.7292
52,1,2,0,29.0,1,0,26.0
53,0,1,1,65.0,0,1,61.9792
54,1,1,1,46.0,0,0,35.5
55,1,2,0,21.0,0,0,10.5
56,0,3,1,28.5,0,0,7.2292
57,1,2,0,5.0,1,2,27.75
58,0,3,1,11.0,5,2,46.9
59,0,3,1,22.0,0,0,7.2292
60,1,1,0,38.0,0,0,80.0
61,0,1,1,45.0,1,0,83.475
62,0,3,1,4.0,3,2,27.9
63,0,1,1,64.0,0,0,27.7208
64,1,3,1,7.0,1,1,15.2458
65,1,2,0,29.0,0,0,10.5
66,0,3,1,19.0,0,0,8.1583
67,1,3,0,17.0,4,2,7.925
68,0,3,1,26.0,2,0,8.6625
69,0,2,1,32.0,0,0,10.5
70,0,3,0,16.0,5,2,46.9
71,0,2,1,21.0,0,0,73.5
72,0,3,1,26.0,1,0,14.4542
73,1,3,1,32.0,0,0,56.4958
74,0,3,1,25.0,0,0,7.65
75,0,3,1,23.0,0,0,7.8958
76,0,3,1,28.0,0,0,8.05
77,1,2,1,0.83,0,2,29.0
78,1,3,0,30.0,0,0,12.475
79,0,3,1,22.0,0,0,9.0
80,1,3,1,29.0,0,0,9.5
81,1,3,0,31.0,0,0,7.7875
82,0,1,1,28.0,0,0,47.1
83,1,2,0,17.0,0,0,10.5
84,1,3,0,33.0,3,0,15.85
85,0,3,1,16.0,1,3,34.375
86,0,3,1,20.0,0,0,8.05
87,1,1,0,23.0,3,2,263.0
88,0,3,1,24.0,0,0,8.05
89,0,3,1,29.0,0,0,8.05
90,0,3,1,20.0,0,0,7.8542
91,0,1,1,46.0,1,0,61.175
92,0,3,1,26.0,1,2,20.575
93,0,3,1,59.0,0,0,7.25
94,0,3,1,22.0,0,0,8.05
95,0,1,1,71.0,0,0,34.6542
96,1,1,1,23.0,0,1,63.3583
97,1,2,0,34.0,0,1,23.0
98,0,2,1,34.0,1,0,26.0
99,0,3,0,28.0,0,0,7.8958
100,0,3,1,29.0,0,0,7.8958
101,0,1,1,21.0,0,1,77.2875
102,0,3,1,33.0,0,0,8.6542
103,0,3,1,37.0,2,0,7.925
104,0,3,1,28.0,0,0,7.8958
105,1,3,0,21.0,0,0,7.65
106,1,3,1,29.0,0,0,7.775
107,0,3,1,38.0,0,0,7.8958
108,1,3,0,28.0,1,0,24.15
109,0,1,1,47.0,0,0,52.0
110,0,3,0,14.5,1,0,14.4542
111,0,3,1,22.0,0,0,8.05
112,0,3,0,20.0,1,0,9.825
113,0,3,0,17.0,0,0,14.4583
114,0,3,1,21.0,0,0,7.925
115,0,3,1,70.5,0,0,7.75
116,0,2,1,29.0,1,0,21.0
117,0,1,1,24.0,0,1,247.5208
118,0,3,0,2.0,4,2,31.275
119,0,2,1,21.0,2,0,73.5
120,0,3,1,19.0,0,0,8.05
121,0,2,1,32.5,1,0,30.0708
122,1,2,0,32.5,0,0,13.0
123,0,1,1,54.0,0,1,77.2875
124,1,3,1,12.0,1,0,11.2417
125,0,3,1,19.0,0,0,7.75
126,1,3,1,24.0,0,0,7.1417
127,1,3,0,2.0,1,1,22.3583
128,0,3,1,45.0,0,0,6.975
129,0,3,1,33.0,0,0,7.8958
130,0,3,1,20.0,0,0,7.05
131,0,3,0,47.0,1,0,14.5
132,1,2,0,29.0,1,0,26.0
133,0,2,1,25.0,0,0,13.0
134,0,2,1,23.0,0,0,15.0458
135,1,1,0,19.0,0,2,26.2833
136,0,1,1,37.0,1,0,53.1
137,0,3,1,16.0,0,0,9.2167
138,0,1,1,24.0,0,0,79.2
139,0,3,0,40.0,0,2,15.2458
140,1,3,0,22.0,0,0,7.75
141,1,3,0,24.0,1,0,15.85
142,0,3,1,19.0,0,0,6.75
143,0,2,1,18.0,0,0,11.5
144,0,2,1,19.0,1,1,36.75
145,1,3,1,27.0,0,0,7.7958
146,0,3,0,9.0,2,2,34.375
147,0,2,1,36.5,0,2,26.0
148,0,2,1,42.0,0,0,13.0
149,0,2,1,51.0,0,0,12.525
150,1,1,0,22.0,1,0,66.6
151,0,3,1,55.5,0,0,8.05
152,0,3,1,40.5,0,2,14.5
153,0,3,1,27.0,0,0,7.3125
154,0,1,1,51.0,0,1,61.3792
155,1,3,0,16.0,0,0,7.7333
156,0,3,1,30.0,0,0,8.05
157,0,3,1,37.0,0,0,8.6625
158,0,3,1,5.0,8,2,69.55
159,0,3,1,44.0,0,1,16.1
160,1,2,0,40.0,0,0,15.75
161,0,3,1,26.0,0,0,7.775
162,0,3,1,17.0,0,0,8.6625
163,0,3,1,1.0,4,1,39.6875
164,1,3,1,9.0,0,2,20.525
165,1,1,0,48.0,0,1,55.0
166,0,3,0,45.0,1,4,27.9
167,0,1,1,60.0,0,0,25.925
168,0,3,1,28.0,0,0,56.4958
169,0,1,1,61.0,0,0,33.5
170,0,3,1,4.0,4,1,29.125
171,1,3,0,1.0,1,1,11.1333
172,0,3,1,21.0,0,0,7.925
173,0,1,1,56.0,0,0,30.6958
174,0,3,1,18.0,1,1,7.8542
175,0,3,1,5.0,3,1,25.4667
176,0,1,0,50.0,0,0,28.7125
177,0,2,1,30.0,0,0,13.0
178,0,3,1,36.0,0,0,0.0
179,0,3,0,8.0,8,2,69.55
180,0,2,1,39.0,0,0,15.05
181,0,3,1,9.0,4,2,31.3875
182,1,2,1,1.0,2,1,39.0
183,1,3,0,4.0,0,2,22.025
184,0,1,1,39.0,0,0,50.0
185,1,3,0,26.0,1,0,15.5
186,1,1,1,45.0,0,0,26.55
187,0,3,1,40.0,1,1,15.5
188,0,3,1,36.0,0,0,7.8958
189,1,2,0,32.0,0,0,13.0
190,0,2,1,19.0,0,0,13.0
191,1,3,0,19.0,1,0,7.8542
192,1,2,1,3.0,1,1,26.0
193,1,1,0,44.0,0,0,27.7208
194,1,1,0,58.0,0,0,146.5208
195,0,3,1,28.0,0,0,7.75
196,0,3,1,42.0,0,1,8.4042
197,1,3,0,21.0,0,0,7.75
198,0,2,0,24.0,0,0,13.0
199,0,3,1,28.0,0,0,9.5
200,0,3,1,17.0,8,2,69.55
201,0,3,1,34.0,0,0,6.4958
202,0,3,1,45.5,0,0,7.225
203,1,3,1,18.0,0,0,8.05
204,0,3,0,2.0,0,1,10.4625
205,0,3,1,32.0,1,0,15.85
206,1,3,1,26.0,0,0,18.7875
207,1,3,0,16.0,0,0,7.75
208,1,1,1,40.0,0,0,31.0
209,0,3,1,24.0,0,0,7.05
210,1,2,0,35.0,0,0,21.0
211,0,3,1,22.0,0,0,7.25
212,0,2,1,30.0,0,0,13.0
213,0,3,1,22.0,1,0,7.75
214,1,1,0,31.0,1,0,113.275
215,1,3,0,27.0,0,0,7.925
216,0,2,1,42.0,1,0,27.0
217,1,1,0,32.0,0,0,76.2917
218,0,2,1,30.0,0,0,10.5
219,1,3,1,16.0,0,0,8.05
220,0,2,1,27.0,0,0,13.0
221,0,3,1,51.0,0,0,8.05
222,0,3,1,22.0,0,0,7.8958
223,1,1,1,38.0,1,0,90.0
224,0,3,1,22.0,0,0,9.35
225,1,2,1,19.0,0,0,10.5
226,0,3,1,20.5,0,0,7.25
227,0,2,1,18.0,0,0,13.0
228,0,3,0,12.0,3,1,25.4667
229,1,1,0,35.0,1,0,83.475
230,0,3,1,29.0,0,0,7.775
231,0,2,1,59.0,0,0,13.5
232,1,3,0,5.0,4,2,31.3875
233,0,2,1,24.0,0,0,10.5
234,0,3,0,21.0,0,0,7.55
235,0,2,1,44.0,1,0,26.0
236,1,2,0,8.0,0,2,26.25
237,0,2,1,19.0,0,0,10.5
238,0,2,1,33.0,0,0,12.275
239,0,3,0,19.0,1,0,14.4542
240,1,3,0,18.0,1,0,15.5
241,0,2,1,29.0,0,0,10.5
242,0,3,1,22.0,0,0,7.125
243,0,3,1,30.0,0,0,7.225
244,0,1,1,44.0,2,0,90.0
245,0,3,0,25.0,0,0,7.775
246,1,2,0,24.0,0,2,14.5
247,1,1,1,37.0,1,1,52.5542
248,0,2,1,54.0,1,0,26.0
249,0,3,1,18.0,0,0,7.25
250,0,3,0,29.0,1,1,10.4625
251,0,1,1,62.0,0,0,26.55
252,0,3,1,30.0,1,0,16.1
253,0,3,0,41.0,0,2,20.2125
254,1,3,0,29.0,0,2,15.2458
255,1,1,0,38.0,0,0,79.2
256,1,1,0,30.0,0,0,86.5
257,1,1,0,35.0,0,0,512.3292
258,1,2,0,50.0,0,1,26.0
259,1,3,1,3.0,4,2,31.3875
260,0,1,1,52.0,1,1,79.65
261,0,1,1,40.0,0,0,0.0
262,0,3,0,21.0,0,0,7.75
263,0,2,1,36.0,0,0,10.5
264,0,3,1,16.0,4,1,39.6875
265,1,3,1,25.0,1,0,7.775
266,1,1,0,58.0,0,1,153.4625
267,1,1,0,35.0,0,0,135.6333
268,0,1,1,28.0,0,0,31.0
269,1,3,1,25.0,0,0,0.0
270,1,2,0,41.0,0,1,19.5
271,0,1,1,37.0,0,1,29.7
272,1,3,0,33.0,0,0,7.75
273,1,1,0,63.0,1,0,77.9583
274,0,3,0,45.0,0,0,7.75
275,0,2,1,21.0,0,0,0.0
276,0,3,1,7.0,4,1,29.125
277,1,3,0,35.0,1,1,20.25
278,0,3,1,65.0,0,0,7.75
279,0,3,1,28.0,0,0,7.8542
280,0,3,1,16.0,0,0,9.5
281,1,3,1,19.0,0,0,8.05
282,0,1,1,57.0,0,0,26.0
283,0,3,1,33.0,0,0,8.6625
284,1,3,1,30.0,0,0,9.5
285,0,3,1,22.0,0,0,7.8958
286,1,2,1,42.0,0,0,13.0
287,1,3,0,22.0,0,0,7.75
288,1,1,0,26.0,0,0,78.85
289,1,1,0,19.0,1,0,91.0792
290,0,2,1,36.0,0,0,12.875
291,0,3,0,24.0,0,0,8.85
292,0,3,1,24.0,0,0,7.8958
293,0,1,1,30.0,0,0,27.7208
294,0,3,1,23.5,0,0,7.2292
295,0,1,0,2.0,1,2,151.55
296,1,1,1,47.0,0,0,30.5
297,1,1,0,50.0,0,1,247.5208
298,1,3,0,20.0,0,0,7.75
299,1,3,1,24.0,2,0,23.25
300,0,3,1,19.0,0,0,0.0
301,1,2,0,46.0,0,0,12.35
302,0,3,1,28.0,0,0,8.05
303,1,1,1,0.92,1,2,151.55
304,1,1,0,42.0,0,0,110.8833
305,1,1,0,17.0,1,0,108.9
306,0,2,1,30.0,1,0,24.0
307,1,1,0,30.0,0,0,56.9292
308,1,1,0,24.0,0,0,83.1583
309,1,1,0,18.0,2,2,262.375
310,0,2,0,26.0,1,1,26.0
311,0,3,1,28.0,0,0,7.8958
312,0,2,1,43.0,1,1,26.25
313,1,3,0,26.0,0,0,7.8542
314,1,2,0,24.0,1,0,26.0
315,0,2,1,54.0,0,0,14.0
316,1,1,0,31.0,0,2,164.8667
317,1,1,0,40.0,1,1,134.5
318,0,3,1,22.0,0,0,7.25
319,0,3,1,27.0,0,0,7.8958
320,1,2,0,30.0,0,0,12.35
321,1,2,0,22.0,1,1,29.0
322,0,3,1,20.0,8,2,69.55
323,1,1,0,36.0,0,0,135.6333
324,0,3,1,61.0,0,0,6.2375
325,1,2,0,36.0,0,0,13.0
326,1,3,0,31.0,1,1,20.525
327,1,1,0,16.0,0,1,57.9792
328,1,3,0,28.0,2,0,23.25
329,0,1,1,45.5,0,0,28.5
330,0,1,1,38.0,0,1,153.4625
331,0,3,1,16.0,2,0,18.0
332,1,1,0,42.0,1,0,133.65
333,0,3,1,30.0,0,0,7.8958
334,0,1,1,29.0,1,0,66.6
335,1,1,0,41.0,0,0,134.5
336,1,3,1,45.0,0,0,8.05
337,0,1,1,45.0,0,0,35.5
338,1,2,1,2.0,1,1,26.0
339,1,1,0,24.0,3,2,263.0
340,0,2,1,28.0,0,0,13.0
341,0,2,1,25.0,0,0,13.0
342,0,2,1,36.0,0,0,13.0
343,1,2,0,24.0,0,0,13.0
344,1,2,0,40.0,0,0,13.0
345,1,3,0,34.0,1,0,16.1
346,1,3,1,3.0,1,1,15.9
347,0,3,1,42.0,0,0,8.6625
348,0,3,1,23.0,0,0,9.225
349,0,1,1,43.0,0,0,35.0
350,0,3,1,15.0,1,1,7.2292
351,0,3,1,25.0,1,0,17.8
352,0,3,1,23.0,0,0,7.225
353,0,3,1,28.0,0,0,9.5
354,1,1,0,22.0,0,1,55.0
355,0,2,0,38.0,0,0,13.0
356,1,3,0,22.0,0,0,7.8792
357,1,3,0,23.0,0,0,7.8792
358,0,3,1,40.0,1,4,27.9
359,0,2,1,29.0,1,0,27.7208
360,0,3,0,45.0,0,1,14.4542
361,0,3,1,35.0,0,0,7.05
362,0,3,1,27.0,1,0,15.5
363,0,3,1,30.0,0,0,7.25
364,1,1,0,60.0,1,0,75.25
365,1,3,0,35.0,0,0,7.2292
366,1,3,0,22.0,0,0,7.75
367,1,1,0,24.0,0,0,69.3
368,1,1,1,25.0,1,0,55.4417
369,0,3,1,18.0,1,0,6.4958
370,0,3,1,19.0,0,0,8.05
371,0,1,1,22.0,0,0,135.6333
372,0,3,0,3.0,3,1,21.075
373,1,1,0,25.0,1,0,82.1708
374,1,3,0,22.0,0,0,7.25
375,0,1,1,27.0,0,2,211.5
376,0,3,1,20.0,0,0,4.0125
377,0,3,1,19.0,0,0,7.775
378,1,1,0,42.0,0,0,227.525
379,1,3,0,1.0,0,2,15.7417
380,0,3,1,32.0,0,0,7.925
381,1,1,0,35.0,1,0,52.0
382,0,3,1,27.0,0,0,7.8958
383,0,2,1,18.0,0,0,73.5
384,0,3,1,1.0,5,2,46.9
385,1,2,0,36.0,0,0,13.0
386,0,3,1,19.0,0,0,7.7292
387,1,2,0,17.0,0,0,12.0
388,1,1,1,36.0,1,2,120.0
389,1,3,1,21.0,0,0,7.7958
390,0,3,1,28.0,2,0,7.925
391,1,1,0,23.0,1,0,113.275
392,1,3,0,24.0,0,2,16.7
393,0,3,1,22.0,0,0,7.7958
394,0,3,0,31.0,0,0,7.8542
395,0,2,1,46.0,0,0,26.0
396,0,2,1,23.0,0,0,10.5
397,1,2,0,28.0,0,0,12.65
398,1,3,1,39.0,0,0,7.925
399,0,3,1,26.0,0,0,8.05
400,0,3,0,21.0,1,0,9.825
401,0,3,1,28.0,1,0,15.85
402,0,3,0,20.0,0,0,8.6625
403,0,2,1,34.0,1,0,21.0
404,0,3,1,51.0,0,0,7.75
405,1,2,1,3.0,1,1,18.75
406,0,3,1,21.0,0,0,7.775
407,0,3,0,3.0,3,1,25.4667
408,0,3,1,42.0,0,0,7.8958
409,0,3,1,27.0,0,0,6.8583
410,1,1,0,33.0,1,0,90.0
411,0,2,1,22.0,0,0,0.0
412,1,3,1,44.0,0,0,7.925
413,0,3,0,32.0,0,0,8.05
414,1,2,0,34.0,1,1,32.5
415,1,2,0,18.0,0,2,13.0
416,0,2,1,30.0,0,0,13.0
417,0,3,0,10.0,0,2,24.15
418,0,3,1,21.0,0,0,7.7333
419,0,3,1,29.0,0,0,7.875
420,0,3,0,28.0,1,1,14.4
421,0,3,1,18.0,1,1,20.2125
422,0,3,1,54.0,0,0,7.25
423,1,2,0,28.0,1,0,26.0
424,1,2,0,19.0,0,0,26.0
425,0,3,1,28.0,0,0,7.75
426,1,3,1,32.0,0,0,8.05
427,1,1,1,28.0,0,0,26.55
428,1,3,0,33.0,1,0,16.1
429,1,2,0,42.0,1,0,26.0
430,0,3,1,17.0,0,0,7.125
431,0,1,1,50.0,1,0,55.9
432,1,1,0,14.0,1,2,120.0
433,0,3,0,21.0,2,2,34.375
434,1,2,0,24.0,2,3,18.75
435,0,1,1,64.0,1,4,263.0
436,0,2,1,31.0,0,0,10.5
437,1,2,0,45.0,1,1,26.25
438,0,3,1,20.0,0,0,9.5
439,0,3,1,25.0,1,0,7.775
440,1,2,0,28.0,0,0,13.0
441,1,3,1,29.0,0,0,8.1125
442,1,1,1,4.0,0,2,81.8583
443,1,2,0,13.0,0,1,19.5
444,1,1,1,34.0,0,0,26.55
445,1,3,0,5.0,2,1,19.2583
446,1,1,1,52.0,0,0,30.5
447,0,2,1,36.0,1,2,27.75
448,0,3,1,28.0,1,0,19.9667
449,0,1,1,30.0,0,0,27.75
450,1,1,1,49.0,1,0,89.1042
451,0,3,1,24.0,0,0,8.05
452,1,3,1,29.0,0,0,7.8958
453,0,1,1,65.0,0,0,26.55
454,1,1,0,41.0,1,0,51.8625
455,1,2,0,50.0,0,0,10.5
456,0,3,1,17.0,0,0,7.75
457,1,1,1,48.0,0,0,26.55
458,0,3,1,34.0,0,0,8.05
459,0,1,1,47.0,0,0,38.5
460,0,2,1,48.0,0,0,13.0
461,0,3,1,34.0,0,0,8.05
462,0,3,1,38.0,0,0,7.05
463,0,2,1,21.0,0,0,0.0
464,0,1,1,56.0,0,0,26.55
465,0,3,1,22.0,0,0,7.725
466,1,3,0,0.75,2,1,19.2583
467,0,3,1,39.0,0,0,7.25
468,0,3,1,38.0,0,0,8.6625
469,1,2,0,33.0,1,2,27.75
470,1,2,0,23.0,0,0,13.7917
471,0,3,0,22.0,0,0,9.8375
472,0,1,1,40.0,0,0,52.0
473,0,2,1,34.0,1,0,21.0
474,0,3,1,29.0,1,0,7.0458
475,0,3,1,22.0,0,0,7.5208
476,1,3,0,2.0,0,1,12.2875
477,0,3,1,9.0,5,2,46.9
478,0,2,1,37.0,0,0,0.0
479,0,3,1,50.0,0,0,8.05
480,1,3,0,63.0,0,0,9.5875
481,1,1,1,25.0,1,0,91.0792
482,0,3,0,8.0,3,1,25.4667
483,1,1,0,35.0,1,0,90.0
484,0,1,1,58.0,0,0,29.7
485,0,3,1,30.0,0,0,8.05
486,1,3,1,9.0,1,1,15.9
487,0,3,1,19.0,1,0,19.9667
488,0,3,1,21.0,0,0,7.25
489,0,1,1,55.0,0,0,30.5
490,0,1,1,71.0,0,0,49.5042
491,0,3,1,21.0,0,0,8.05
492,0,3,1,26.0,0,0,14.4583
493,1,1,0,54.0,1,0,78.2667
494,0,3,1,55.0,0,0,15.1
495,0,1,0,25.0,1,2,151.55
496,0,3,1,24.0,0,0,7.7958
497,0,3,1,17.0,0,0,8.6625
498,0,3,0,21.0,0,0,7.75
499,0,3,0,21.0,0,0,7.6292
500,0,3,0,37.0,0,0,9.5875
501,1,1,0,16.0,0,0,86.5
502,0,1,1,18.0,1,0,108.9
503,1,2,0,33.0,0,2,26.0
504,1,1,1,37.0,0,0,26.55
505,0,3,1,28.0,0,0,22.525
506,1,3,1,26.0,0,0,56.4958
507,1,3,1,29.0,0,0,7.75
508,0,3,1,66.0,0,0,8.05
509,1,1,1,36.0,0,0,26.2875
510,1,1,0,54.0,1,0,59.4
511,0,3,1,24.0,0,0,7.4958
512,0,1,1,47.0,0,0,34.0208
513,1,2,0,34.0,0,0,10.5
514,0,3,1,30.0,0,0,24.15
515,1,2,0,36.0,1,0,26.0
516,0,3,1,32.0,0,0,7.8958
517,1,1,0,30.0,0,0,93.5
518,0,3,1,22.0,0,0,7.8958
519,0,3,1,35.0,0,0,7.225
520,1,1,0,44.0,0,1,57.9792
521,0,3,1,18.0,0,0,7.2292
522,0,3,1,40.5,0,0,7.75
523,1,2,0,50.0,0,0,10.5
524,0,1,1,49.0,0,0,221.7792
525,0,3,1,39.0,0,0,7.925
526,0,2,1,23.0,2,1,11.5
527,1,2,0,2.0,1,1,26.0
528,0,3,1,17.0,0,0,7.2292
529,0,3,1,17.0,1,1,7.2292
530,1,3,0,24.0,0,2,22.3583
531,0,3,0,30.0,0,0,8.6625
532,1,2,0,7.0,0,2,26.25
533,0,1,1,45.0,0,0,26.55
534,1,1,0,30.0,0,0,106.425
535,0,3,1,69.0,0,0,14.5
536,1,1,0,22.0,0,2,49.5
537,1,1,0,36.0,0,2,71.0
538,0,3,0,9.0,4,2,31.275
539,0,3,0,11.0,4,2,31.275
540,1,2,1,32.0,1,0,26.0
541,0,1,1,50.0,1,0,106.425
542,0,1,1,64.0,0,0,26.0
543,1,2,0,19.0,1,0,26.0
544,1,2,1,27.0,0,0,13.8625
545,0,3,1,33.0,1,1,20.525
546,1,2,1,8.0,1,1,36.75
547,1,1,1,17.0,0,2,110.8833
548,0,2,1,27.0,0,0,26.0
549,0,3,1,21.0,0,0,7.8292
550,1,3,1,22.0,0,0,7.225
551,1,3,0,22.0,0,0,7.775
552,0,1,1,62.0,0,0,26.55
553,1,1,0,48.0,1,0,39.6
554,0,1,1,45.0,0,0,227.525
555,1,1,0,39.0,1,1,79.65
556,1,3,0,36.0,1,0,17.4
557,0,3,1,30.0,0,0,7.75
558,0,3,1,40.0,0,0,7.8958
559,0,2,1,28.0,0,0,13.5
560,0,3,1,40.0,0,0,8.05
561,0,3,0,62.0,0,0,8.05
562,0,3,1,24.0,2,0,24.15
563,0,3,1,19.0,0,0,7.8958
564,0,3,0,29.0,0,4,21.075
565,0,3,1,28.0,0,0,7.2292
566,1,3,1,32.0,0,0,7.8542
567,1,2,1,62.0,0,0,10.5
568,1,1,0,53.0,2,0,51.4792
569,1,1,1,36.0,0,0,26.3875
570,1,3,0,22.0,0,0,7.75
571,0,3,1,16.0,0,0,8.05
572,0,3,1,19.0,0,0,14.5
573,1,2,0,34.0,0,0,13.0
574,1,1,0,39.0,1,0,55.9
575,0,3,0,18.0,1,0,14.4583
576,1,3,1,32.0,0,0,7.925
577,1,2,0,25.0,1,1,30.0
578,1,1,0,39.0,1,1,110.8833
579,0,2,1,54.0,0,0,26.0
580,0,1,1,36.0,0,0,40.125
581,0,3,1,16.0,0,0,8.7125
582,1,1,0,18.0,0,2,79.65
583,0,2,1,47.0,0,0,15.0
584,1,1,1,60.0,1,1,79.2
585,0,3,1,22.0,0,0,8.05
586,0,3,1,22.0,0,0,8.05
587,0,3,1,35.0,0,0,7.125
588,1,1,0,52.0,1,0,78.2667
589,0,3,1,47.0,0,0,7.25
590,0,3,0,40.0,0,2,7.75
591,0,2,1,37.0,1,0,26.0
592,0,3,1,36.0,1,1,24.15
593,1,2,0,31.0,0,0,33.0
594,0,3,1,49.0,0,0,0.0
595,0,3,1,18.0,0,0,7.225
596,1,1,1,49.0,1,0,56.9292
597,1,2,0,24.0,2,1,27.0
598,0,3,1,42.0,0,0,7.8958
599,0,1,1,37.0,0,0,42.4
600,0,3,1,44.0,0,0,8.05
601,1,1,1,35.0,0,0,26.55
602,0,3,1,36.0,1,0,15.55
603,0,3,1,30.0,0,0,7.8958
604,1,1,1,27.0,0,0,30.5
605,1,2,0,22.0,1,2,41.5792
606,1,1,0,40.0,0,0,153.4625
607,0,3,0,39.0,1,5,31.275
608,0,3,1,21.0,0,0,7.05
609,1,3,0,18.0,1,0,15.5
610,0,3,1,22.0,0,0,7.75
611,0,3,1,35.0,0,0,8.05
612,1,2,0,24.0,1,2,65.0
613,0,3,1,34.0,1,1,14.4
614,0,3,0,26.0,1,0,16.1
615,1,2,0,4.0,2,1,39.0
616,0,2,1,26.0,0,0,10.5
617,0,3,1,27.0,1,0,14.4542
618,1,1,1,42.0,1,0,52.5542
619,1,3,1,20.0,1,1,15.7417
620,0,3,1,21.0,0,0,7.8542
621,0,3,1,21.0,0,0,16.1
622,0,1,1,61.0,0,0,32.3208
623,0,2,1,57.0,0,0,12.35
624,1,1,0,21.0,0,0,77.9583
625,0,3,1,26.0,0,0,7.8958
626,0,3,1,18.0,0,0,7.7333
627,1,1,1,80.0,0,0,30.0
628,0,3,1,51.0,0,0,7.0542
629,1,1,1,32.0,0,0,30.5
630,0,1,1,30.0,0,0,0.0
631,0,3,0,9.0,3,2,27.9
632,1,2,0,28.0,0,0,13.0
633,0,3,1,32.0,0,0,7.925
634,0,2,1,31.0,1,1,26.25
635,0,3,0,41.0,0,5,39.6875
636,0,3,1,37.0,1,0,16.1
637,0,3,1,20.0,0,0,7.8542
638,1,1,0,24.0,0,0,69.3
639,0,3,0,2.0,3,2,27.9
640,1,3,1,32.0,0,0,56.4958
641,1,3,0,0.75,2,1,19.2583
642,1,1,1,48.0,1,0,76.7292
643,0,3,1,19.0,0,0,7.8958
644,1,1,1,56.0,0,0,35.5
645,0,3,1,21.0,0,0,7.55
646,1,3,0,23.0,0,0,7.55
647,0,3,1,23.0,0,0,7.8958
648,1,2,0,18.0,0,1,23.0
649,0,3,1,21.0,0,0,8.4333
650,1,3,0,16.0,0,0,7.8292
651,0,3,0,18.0,0,0,6.75
652,0,2,1,24.0,2,0,73.5
653,0,3,1,27.0,0,0,7.8958
654,0,3,0,32.0,1,1,15.5
655,0,2,1,23.0,0,0,13.0
656,0,1,1,58.0,0,2,113.275
657,1,1,1,50.0,2,0,133.65
658,0,3,1,40.0,0,0,7.225
659,0,1,1,47.0,0,0,25.5875
660,0,3,1,36.0,0,0,7.4958
661,1,3,1,20.0,1,0,7.925
662,0,2,1,32.0,2,0,73.5
663,0,2,1,25.0,0,0,13.0
664,0,3,1,49.0,0,0,7.775
665,0,3,1,43.0,0,0,8.05
666,1,1,0,48.0,1,0,52.0
667,1,2,0,40.0,1,1,39.0
668,0,1,1,31.0,1,0,52.0
669,0,2,1,70.0,0,0,10.5
670,1,2,1,31.0,0,0,13.0
671,0,2,1,19.0,0,0,0.0
672,0,3,1,18.0,0,0,7.775
673,0,3,1,24.5,0,0,8.05
674,1,3,0,18.0,0,0,9.8417
675,0,3,0,43.0,1,6,46.9
676,1,1,1,36.0,0,1,512.3292
677,0,3,0,28.0,0,0,8.1375
678,1,1,1,27.0,0,0,76.7292
679,0,3,1,20.0,0,0,9.225
680,0,3,1,14.0,5,2,46.9
681,0,2,1,60.0,1,1,39.0
682,0,2,1,25.0,1,2,41.5792
683,0,3,1,14.0,4,1,39.6875
684,0,3,1,19.0,0,0,10.1708
685,0,3,1,18.0,0,0,7.7958
686,1,1,0,15.0,0,1,211.3375
687,1,1,1,31.0,1,0,57.0
688,1,3,0,4.0,0,1,13.4167
689,1,3,1,37.0,0,0,56.4958
690,0,3,1,25.0,0,0,7.225
691,0,1,1,60.0,0,0,26.55
692,0,2,1,52.0,0,0,13.5
693,0,3,1,44.0,0,0,8.05
694,1,3,0,19.0,0,0,7.7333
695,0,1,1,49.0,1,1,110.8833
696,0,3,1,42.0,0,0,7.65
697,1,1,0,18.0,1,0,227.525
698,1,1,1,35.0,0,0,26.2875
699,0,3,0,18.0,0,1,14.4542
700,0,3,1,25.0,0,0,7.7417
701,0,3,1,26.0,1,0,7.8542
702,0,2,1,39.0,0,0,26.0
703,1,2,0,45.0,0,0,13.5
704,1,1,1,42.0,0,0,26.2875
705,1,1,0,22.0,0,0,151.55
706,1,3,1,4.0,1,1,15.2458
707,1,1,0,24.0,0,0,49.5042
708,0,1,1,41.0,0,0,26.55
709,1,1,1,48.0,1,0,52.0
710,0,3,1,29.0,0,0,9.4833
711,0,2,1,52.0,0,0,13.0
712,0,3,1,19.0,0,0,7.65
713,1,1,0,38.0,0,0,227.525
714,1,2,0,27.0,0,0,10.5
715,0,3,1,33.0,0,0,7.775
716,1,2,0,6.0,0,1,33.0
717,0,3,1,17.0,1,0,7.0542
718,0,2,1,34.0,0,0,13.0
719,0,2,1,50.0,0,0,13.0
720,1,1,1,27.0,1,0,53.1
721,0,3,1,20.0,0,0,8.6625
722,1,2,0,30.0,3,0,21.0
723,1,3,0,28.0,0,0,7.7375
724,0,2,1,25.0,1,0,26.0
725,0,3,0,25.0,1,0,7.925
726,1,1,0,29.0,0,0,211.3375
727,0,3,1,11.0,0,0,18.7875
728,0,2,1,41.0,0,0,0.0
729,0,2,1,23.0,0,0,13.0
730,0,2,1,23.0,0,0,13.0
731,0,3,1,28.5,0,0,16.1
732,0,3,0,48.0,1,3,34.375
733,1,1,1,35.0,0,0,512.3292
734,0,3,1,20.0,0,0,7.8958
735,0,3,1,32.0,0,0,7.8958
736,1,1,1,45.0,0,0,30.0
737,0,1,1,36.0,1,0,78.85
738,1,1,0,21.0,2,2,262.375
739,0,3,1,24.0,1,0,16.1
740,1,3,1,31.0,0,0,7.925
741,0,1,1,70.0,1,1,71.0
742,0,3,1,16.0,1,1,20.25
743,1,2,0,30.0,0,0,13.0
744,0,1,1,19.0,1,0,53.1
745,0,3,1,31.0,0,0,7.75
746,1,2,0,4.0,1,1,23.0
747,1,3,1,6.0,0,1,12.475
748,0,3,1,33.0,0,0,9.5
749,0,3,1,23.0,0,0,7.8958
750,1,2,0,48.0,1,2,65.0
751,1,2,1,0.67,1,1,14.5
752,0,3,1,28.0,0,0,7.7958
753,0,2,1,18.0,0,0,11.5
754,0,3,1,34.0,0,0,8.05
755,1,1,0,33.0,0,0,86.5
756,0,3,1,23.0,0,0,14.5
757,0,3,1,41.0,0,0,7.125
758,1,3,1,20.0,0,0,7.2292
759,1,1,0,36.0,1,2,120.0
760,0,3,1,16.0,0,0,7.775
761,1,1,0,51.0,1,0,77.9583
762,0,1,1,46.0,0,0,39.6
763,0,3,0,30.5,0,0,7.75
764,0,3,1,28.0,1,0,24.15
765,0,3,1,32.0,0,0,8.3625
766,0,3,1,24.0,0,0,9.5
767,0,3,1,48.0,0,0,7.8542
768,0,2,0,57.0,0,0,10.5
769,0,3,1,29.0,0,0,7.225
770,1,2,0,54.0,1,3,23.0
771,0,3,1,18.0,0,0,7.75
772,0,3,1,20.0,0,0,7.75
773,1,3,0,5.0,0,0,12.475
774,0,3,1,22.0,0,0,7.7375
775,1,1,0,43.0,0,1,211.3375
776,1,3,0,13.0,0,0,7.2292
777,1,1,0,17.0,1,0,57.0
778,0,1,1,29.0,0,0,30.0
779,0,3,1,35.0,1,2,23.45
780,0,3,1,25.0,0,0,7.05
781,0,3,1,25.0,0,0,7.25
782,1,3,0,18.0,0,0,7.4958
783,0,3,1,8.0,4,1,29.125
784,1,3,1,1.0,1,2,20.575
785,0,1,1,46.0,0,0,79.2
786,0,3,1,20.0,0,0,7.75
787,0,2,1,16.0,0,0,26.0
788,0,3,0,21.0,8,2,69.55
789,0,1,1,43.0,0,0,30.6958
790,0,3,1,25.0,0,0,7.8958
791,0,2,1,39.0,0,0,13.0
792,1,1,0,49.0,0,0,25.9292
793,1,3,0,31.0,0,0,8.6833
794,0,3,1,30.0,0,0,7.2292
795,0,3,0,30.0,1,1,24.15
796,0,2,1,34.0,0,0,13.0
797,1,2,0,31.0,1,1,26.25
798,1,1,1,11.0,1,2,120.0
799,1,3,1,0.42,0,1,8.5167
800,1,3,1,27.0,0,0,6.975
801,0,3,1,31.0,0,0,7.775
802,0,1,1,39.0,0,0,0.0
803,0,3,0,18.0,0,0,7.775
804,0,2,1,39.0,0,0,13.0
805,1,1,0,33.0,1,0,53.1
806,0,3,1,26.0,0,0,7.8875
807,0,3,1,39.0,0,0,24.15
808,0,2,1,35.0,0,0,10.5
809,0,3,0,6.0,4,2,31.275
810,0,3,1,30.5,0,0,8.05
811,0,1,1,39.0,0,0,0.0
812,0,3,0,23.0,0,0,7.925
813,0,2,1,31.0,1,1,37.0042
814,0,3,1,43.0,0,0,6.45
815,0,3,1,10.0,3,2,27.9
816,1,1,0,52.0,1,1,93.5
817,1,3,1,27.0,0,0,8.6625
818,0,1,1,38.0,0,0,0.0
819,1,3,0,27.0,0,1,12.475
820,0,3,1,2.0,4,1,39.6875
821,0,3,1,36.0,0,0,6.95
822,0,3,1,23.0,0,0,56.4958
823,1,2,1,1.0,0,2,37.0042
824,1,3,1,19.0,0,0,7.75
825,1,1,0,62.0,0,0,80.0
826,1,3,0,15.0,1,0,14.4542
827,1,2,1,0.83,1,1,18.75
828,0,3,1,30.0,0,0,7.2292
829,0,3,1,23.0,0,0,7.8542
830,0,3,1,18.0,0,0,8.3
831,1,1,0,39.0,1,1,83.1583
832,0,3,1,21.0,0,0,8.6625
833,0,3,1,20.0,0,0,8.05
834,1,3,1,32.0,0,0,56.4958
835,1,1,1,29.0,0,0,29.7
836,0,3,1,20.0,0,0,7.925
837,0,2,1,16.0,0,0,10.5
838,1,1,0,30.0,0,0,31.0
839,0,3,1,34.5,0,0,6.4375
840,0,3,1,17.0,0,0,8.6625
841,0,3,1,42.0,0,0,7.55
842,0,3,1,18.0,8,2,69.55
843,0,3,1,35.0,0,0,7.8958
844,0,2,1,28.0,0,1,33.0
845,1,1,0,40.0,1,0,89.1042
846,0,3,1,4.0,4,2,31.275
847,0,3,1,74.0,0,0,7.775
848,0,3,0,9.0,1,1,15.2458
849,1,1,0,16.0,0,1,39.4
850,0,2,0,44.0,1,0,26.0
851,1,3,0,18.0,0,1,9.35
852,1,1,0,45.0,1,1,164.8667
853,1,1,1,51.0,0,0,26.55
854,1,3,0,24.0,0,3,19.2583
855,0,3,1,30.0,0,0,7.2292
856,0,3,1,41.0,2,0,14.1083
857,0,2,1,21.0,1,0,11.5
858,1,1,0,48.0,0,0,25.9292
859,0,3,0,14.0,8,2,69.55
860,0,2,1,24.0,0,0,13.0
861,1,2,0,42.0,0,0,13.0
862,1,2,0,27.0,1,0,13.8583
863,0,1,1,31.0,0,0,50.4958
864,0,3,1,23.0,0,0,9.5
865,1,3,1,4.0,1,1,11.1333
866,0,3,1,26.0,0,0,7.8958
867,1,1,0,47.0,1,1,52.5542
868,0,1,1,33.0,0,0,5.0
869,0,3,1,47.0,0,0,9.0
870,1,2,0,28.0,1,0,24.0
871,1,3,0,15.0,0,0,7.225
872,0,3,1,20.0,0,0,9.8458
873,0,3,1,19.0,0,0,7.8958
874,0,3,1,23.0,0,0,7.8958
875,1,1,0,56.0,0,1,83.1583
876,1,2,0,25.0,0,1,26.0
877,0,3,1,33.0,0,0,7.8958
878,0,3,0,22.0,0,0,10.5167
879,0,2,1,28.0,0,0,10.5
880,0,3,1,25.0,0,0,7.05
881,0,3,0,39.0,0,5,29.125
882,0,2,1,27.0,0,0,13.0
883,1,1,0,19.0,0,0,30.0
884,0,3,0,7.0,1,2,23.45
885,1,1,1,26.0,0,0,30.0
886,0,3,1,32.0,0,0,7.75
